"year","Pillai","F_approx","df1","df2","p"
"2018",0.8973,3.841,9,81,0.000442
"2019",0.8917,3.806,9,81,0.000483
"2020",0.8931,3.815,9,81,0.000472
